,Model,MPG,Cylinders,Displacement,Horsepower,Weight,Acceleration,Year,Origin,pca1,pca2
0,chevrolet chevelle malibu,18.0,8,307.0,130,3504,12.0,70,US,0.7923022088941302,0.2160907317656447
1,buick skylark 320,15.0,8,350.0,165,3693,11.5,70,US,0.839335436485011,-0.11765537182657532
2,plymouth satellite,18.0,8,318.0,150,3436,11.0,70,US,0.9934298430101933,0.07218748339598882
3,amc rebel sst,16.0,8,304.0,150,3433,12.0,70,US,0.8955088474442486,0.18098875610072118
4,ford torino,17.0,8,302.0,140,3449,10.5,70,US,0.963184797794939,-0.16582592273427613
5,ford galaxie 500,15.0,8,429.0,198,4341,10.0,70,US,1.0048933379127465,0.08156402037166473
6,chevrolet impala,14.0,8,454.0,220,4354,9.0,70,US,1.2712217706885143,0.2844466045461823
7,plymouth fury iii,14.0,8,440.0,215,4312,8.5,70,US,1.1213514697599787,0.21148659900277383
8,pontiac catalina,14.0,8,455.0,225,4425,10.0,70,US,1.124126967100859,-0.0779995808066316
9,amc ambassador dpl,15.0,8,390.0,190,3850,8.5,70,US,1.0448439943223171,0.1329216052757258
10,dodge challenger se,15.0,8,383.0,170,3563,10.0,70,US,0.9654729958659009,-0.02561713359408406
11,plymouth 'cuda 340,14.0,8,340.0,160,3609,8.0,70,US,1.0699089424889985,-0.06358663128311139
12,chevrolet monte carlo,15.0,8,400.0,150,3761,9.5,70,US,0.9003877011580855,0.056006772288529974
13,buick estate wagon (sw),14.0,8,455.0,225,3086,10.0,70,US,1.202798749024569,-0.020230408133961333
14,toyota corona mark ii,24.0,4,113.0,95,2372,15.0,70,Japan,-0.8076410992624697,-0.21038856899740666
15,plymouth duster,22.0,6,198.0,95,2833,15.5,70,US,0.37982812804593213,-0.06761660146240266
16,amc hornet,18.0,6,199.0,97,2774,15.5,70,US,0.6083699599661888,0.005877124445835803
17,ford maverick,21.0,6,200.0,85,2587,16.0,70,US,0.40854085375609983,0.1618310390329746
18,datsun pl510,27.0,4,97.0,88,2130,14.5,70,Japan,-0.9022517529586233,-0.6732940680775237
19,volkswagen 1131 deluxe sedan,26.0,4,97.0,46,1835,20.5,70,Europe,-0.9475505051949542,0.9009774653621844
20,peugeot 504,25.0,4,110.0,87,2672,17.5,70,Europe,-0.7659728909915576,0.7717905227928552
21,audi 100 ls,24.0,4,107.0,90,2430,14.5,70,Europe,-0.7092314240535791,0.969723878709791
22,saab 99e,25.0,4,104.0,95,2375,17.5,70,Europe,-0.8435056727423933,0.8535853605037294
23,bmw 2002,26.0,4,121.0,113,2234,12.5,70,Europe,-0.6187412123107034,0.8356947961651491
24,amc gremlin,21.0,6,199.0,90,2648,15.0,70,US,0.41738421778423473,-0.11331909934609359
25,ford f250,10.0,8,360.0,215,4615,14.0,70,US,1.1631673893938714,0.27906951692373555
26,chevy c20,10.0,8,307.0,200,4376,15.0,70,US,0.9734352453741396,0.27656632597670294
27,dodge d200,11.0,8,318.0,210,4382,13.5,70,US,1.1469832282503083,0.10443543116796017
28,hi 1200d,9.0,8,304.0,193,4732,18.5,70,US,0.9368055876899555,0.1918888725187883
29,datsun pl510,27.0,4,97.0,88,2130,14.5,71,Japan,-0.7810069610331113,-0.6711782338447165
30,chevrolet vega 2300,28.0,4,140.0,90,2264,15.5,71,US,0.17349565615277698,-0.08630994695864361
31,toyota corona,25.0,4,113.0,95,2228,14.0,71,Japan,-0.9031181295301527,-0.30798128918989504
32,amc gremlin,19.0,6,232.0,100,2634,13.0,71,US,0.4430959159928035,-0.14311631773619754
33,plymouth satellite custom,16.0,6,225.0,105,3439,15.5,71,US,0.5199539447441998,-0.10359847693124989
34,chevrolet chevelle malibu,17.0,6,250.0,100,3329,15.5,71,US,0.4505656973502119,0.2500859823007841
35,ford torino 500,19.0,6,250.0,88,3302,15.5,71,US,0.38026363281431147,0.12740628095131634
36,amc matador,18.0,6,232.0,100,3288,15.5,71,US,0.487824070852822,0.10402739460684116
37,chevrolet impala,14.0,8,350.0,165,4209,12.0,71,US,0.8841425457773163,0.2329289621009483
38,pontiac catalina brougham,14.0,8,400.0,175,4464,11.5,71,US,0.9519136440515488,0.3031686868368559
39,ford galaxie 500,14.0,8,351.0,153,4154,13.5,71,US,0.8316866674091756,0.14974487839750483
40,plymouth fury iii,14.0,8,318.0,150,4096,13.0,71,US,0.770124631451212,0.21412186808722336
41,dodge monaco (sw),12.0,8,383.0,180,4955,11.5,71,US,1.0327927564746004,0.28631475902083015
42,ford country squire (sw),13.0,8,400.0,170,4746,12.0,71,US,1.2146720562484796,0.1120242448079723
43,pontiac safari (sw),13.0,8,400.0,175,5140,12.0,71,US,1.1799874151781242,-0.10021460488174602
44,amc hornet sportabout (sw),18.0,6,258.0,110,2962,13.5,71,US,0.5565223652102931,-0.014187400777496344
45,chevrolet vega (sw),22.0,4,140.0,72,2408,19.0,71,US,0.20371833177828477,0.08895421199512471
46,pontiac firebird,19.0,6,250.0,100,3282,15.0,71,US,0.5303151860591662,-0.16046998479958652
47,ford mustang,18.0,6,250.0,88,3139,14.5,71,US,0.5176365148309847,0.21326974836888885
48,mercury capri 2000,23.0,4,122.0,86,2220,14.0,71,US,0.17077784392283568,0.17894959490720314
49,opel 1900,28.0,4,116.0,90,2123,14.0,71,Europe,-0.7953388214656087,0.9217938739904621
50,peugeot 304,30.0,4,79.0,70,2074,19.5,71,Europe,-0.7630264828509825,0.895167479558149
51,fiat 124b,30.0,4,88.0,76,2065,14.5,71,Europe,-0.7166782983026723,1.0611211200889985
52,toyota corolla 1200,31.0,4,71.0,65,1773,19.0,71,Japan,-0.9334050420018736,-0.32682833432247593
53,datsun 1200,35.0,4,72.0,69,1613,18.0,71,Japan,-0.8587903603689979,-0.5791963240730895
54,volkswagen model 111,27.0,4,97.0,60,1834,19.0,71,Europe,-0.7038238696530249,1.011159641256233
55,plymouth cricket,26.0,4,91.0,70,1955,20.5,71,US,0.030953569073543994,-0.21279909153198048
56,toyota corona hardtop,24.0,4,113.0,95,2278,15.5,72,Japan,-0.8391424521498236,-0.5778944110997848
57,dodge colt hardtop,25.0,4,97.5,80,2126,17.0,72,US,0.06734275575922452,0.23430453702085133
58,volkswagen type 3,23.0,4,97.0,54,2254,23.5,72,Europe,-0.6914162372625183,1.1109375430426125
59,chevrolet vega,20.0,4,140.0,90,2408,19.5,72,US,0.15054078061745335,-0.02440402755695483
60,ford pinto runabout,21.0,4,122.0,86,2226,16.5,72,US,0.1936811394421081,-0.2405153518939414
61,chevrolet impala,13.0,8,350.0,165,4274,12.0,72,US,0.838554087617876,0.08020185394073685
62,pontiac catalina,14.0,8,400.0,175,4385,12.0,72,US,0.932653097010072,-0.20125372301239217
63,plymouth fury iii,15.0,8,318.0,150,4135,13.5,72,US,0.9212683472331282,0.23629252488031566
64,ford galaxie 500,14.0,8,351.0,153,4129,13.0,72,US,1.0255488861118607,0.13359110700271976
65,amc ambassador sst,17.0,8,304.0,150,3672,11.5,72,US,0.9643421979340013,0.2611166982071407
66,mercury marquis,11.0,8,429.0,208,4633,11.0,72,US,1.260390813628442,0.024248166473381266
67,buick lesabre custom,13.0,8,350.0,155,4502,13.5,72,US,0.966698456686919,0.21968152234249866
68,oldsmobile delta 88 royale,12.0,8,350.0,160,4456,13.5,72,US,0.8621226758619561,0.14712177603540866
69,chrysler newport royal,13.0,8,400.0,190,4422,12.5,72,US,0.9156852320259234,-0.044672346135486575
70,mazda rx2 coupe,19.0,3,70.0,97,2330,13.5,72,Japan,-0.9660798357197387,-0.40581952752311024
71,amc matador (sw),15.0,8,304.0,150,3892,12.5,72,US,0.9239210632945183,0.1988805798734992
72,chevrolet chevelle concours (sw),13.0,8,307.0,130,4098,14.0,72,US,0.9520340849412381,0.16271855430360468
73,ford gran torino (sw),13.0,8,302.0,140,4294,16.0,72,US,0.8204887097129356,0.03639228633291318
74,plymouth satellite custom (sw),14.0,8,318.0,150,4077,14.0,72,US,0.7810485277878232,-0.18303572510270227
75,volvo 145e (sw),18.0,4,121.0,112,2933,14.5,72,Europe,-0.6827271946798671,1.0157814794065085
76,volkswagen 411 (sw),22.0,4,121.0,76,2511,18.0,72,Europe,-0.7646680021726876,0.7312582934165685
77,peugeot 504 (sw),21.0,4,120.0,87,2979,19.5,72,Europe,-0.6578062180418626,0.9617868474509693
78,renault 12 (sw),26.0,4,96.0,69,2189,18.0,72,Europe,-0.90347477866027,0.9201764235816133
79,ford pinto (sw),22.0,4,122.0,86,2395,16.0,72,US,0.2622274165100821,0.16608764035588586
80,datsun 510 (sw),28.0,4,97.0,92,2288,17.0,72,Japan,-0.7708662945948409,-0.4199411304782831
81,toyouta corona mark ii (sw),23.0,4,120.0,97,2506,14.5,72,Japan,-0.7352434677372679,-0.6717173337776802
82,dodge colt (sw),28.0,4,98.0,80,2164,15.0,72,US,0.0785112650306058,-0.18205816729870833
83,toyota corolla 1600 (sw),27.0,4,97.0,88,2100,16.5,72,Japan,-0.9348869948101954,-0.4168017305485568
84,buick century 350,13.0,8,350.0,175,4100,13.0,73,US,0.9768464876903112,0.2521992950402736
85,amc matador,14.0,8,304.0,150,3672,11.5,73,US,0.9688050775148828,-0.21221097829765198
86,chevrolet malibu,13.0,8,350.0,145,3988,13.0,73,US,1.007772996485312,-0.15101235460412474
87,ford gran torino,14.0,8,302.0,137,4042,14.5,73,US,0.8309048329186794,-0.21006795525554875
88,dodge coronet custom,15.0,8,318.0,150,3777,12.5,73,US,0.8872129364913826,-0.017035987697311898
89,mercury marquis brougham,12.0,8,429.0,198,4952,11.5,73,US,1.240441219522039,-0.14674782219555255
90,chevrolet caprice classic,13.0,8,400.0,150,4464,12.0,73,US,0.9898222008395382,0.07321650515167537
91,ford ltd,13.0,8,351.0,158,4363,13.0,73,US,0.9030670537686589,0.0964755711059067
92,plymouth fury gran sedan,14.0,8,318.0,150,4237,14.5,73,US,0.8091201110574416,-0.20708437180102954
93,chrysler new yorker brougham,13.0,8,440.0,215,4735,11.0,73,US,1.1420882133189076,-0.13802558946854007
94,buick electra 225 custom,12.0,8,455.0,225,4951,11.0,73,US,1.2933771849980245,0.010098790140029595
95,amc ambassador brougham,13.0,8,360.0,175,3821,11.0,73,US,0.9877400656502859,-0.030743865195599882
96,plymouth valiant,18.0,6,225.0,105,3121,16.5,73,US,0.4458905963122931,0.16221971367994656
97,chevrolet nova custom,16.0,6,250.0,100,3278,18.0,73,US,0.4883156187879154,-0.22578437580408495
98,amc hornet,18.0,6,232.0,100,2945,16.0,73,US,0.6046726964219801,0.02369416744318746
99,ford maverick,18.0,6,250.0,88,3021,16.5,73,US,0.5918387817074328,-0.13990954838313902
100,plymouth duster,23.0,6,198.0,95,2904,16.0,73,US,0.4900014505315474,-0.002550529473545113
101,volkswagen super beetle,26.0,4,97.0,46,1950,21.0,73,Europe,-0.866749464812229,0.8780588314831134
102,chevrolet impala,11.0,8,400.0,150,4997,14.0,73,US,1.1442478576239392,-0.1040893769489556
103,ford country,12.0,8,400.0,167,4906,12.5,73,US,0.9754775181455826,-0.10970073268158224
104,plymouth custom suburb,13.0,8,360.0,170,4654,13.0,73,US,0.9835932279056975,-0.15000961801019302
105,oldsmobile vista cruiser,12.0,8,350.0,180,4499,12.5,73,US,0.9070912440538688,-0.1275705415266663
106,amc gremlin,18.0,6,232.0,100,2789,15.0,73,US,0.39907240873857036,0.1196094149160565
107,toyota carina,20.0,4,97.0,88,2279,19.0,73,Japan,-0.7366912430059434,-0.36113322218211374
108,chevrolet vega,21.0,4,140.0,72,2401,19.5,73,US,0.15049889963688118,0.15396287662671373
109,datsun 610,22.0,4,108.0,94,2379,16.5,73,Japan,-0.9008133817519998,-0.27134876163319943
110,maxda rx3,18.0,3,70.0,90,2124,13.5,73,Japan,-0.9115834590230638,-0.32765656262399273
111,ford pinto,19.0,4,122.0,85,2310,18.5,73,US,-0.0020239659843637736,-0.0720167403435535
112,mercury capri v6,21.0,6,155.0,107,2472,14.0,73,US,0.5171898340475748,-0.21652164282154548
113,fiat 124 sport coupe,26.0,4,98.0,90,2265,15.5,73,Europe,-0.6269408212369066,0.7047575207324799
114,chevrolet monte carlo s,15.0,8,350.0,145,4082,13.0,73,US,0.9809846111954881,0.04654881713477528
115,pontiac grand prix,16.0,8,400.0,230,4278,9.5,73,US,1.006112325902688,0.04152979515507734
116,fiat 128,29.0,4,68.0,49,1867,19.5,73,Europe,-0.9371558783412591,0.9389996193622915
117,opel manta,24.0,4,116.0,75,2158,15.5,73,Europe,-0.8900770583807976,1.0325284187239374
118,audi 100ls,20.0,4,114.0,91,2582,14.0,73,Europe,-0.6131691755519048,1.1110164628909294
119,volvo 144ea,19.0,4,121.0,112,2868,15.5,73,Europe,-0.726394757588626,0.741233093831883
120,dodge dart custom,15.0,8,318.0,150,3399,11.0,73,US,0.8789414688160686,0.11626801836429684
121,saab 99le,24.0,4,121.0,110,2660,14.0,73,Europe,-0.586929887486904,0.7093280870152436
122,toyota mark ii,20.0,6,156.0,122,2807,13.5,73,Japan,-0.541969625270445,-0.3371239828823715
123,oldsmobile omega,11.0,8,350.0,180,3664,11.0,73,US,0.9556058776506087,0.11660914520957721
124,plymouth duster,20.0,6,198.0,95,3102,16.5,74,US,0.4842637394609759,0.012701435196337488
125,amc hornet,19.0,6,232.0,100,2901,16.0,74,US,0.46498235947025257,0.15907823927023101
126,chevrolet nova,15.0,6,250.0,100,3336,17.0,74,US,0.39951291195380634,0.01324092728176577
127,datsun b210,31.0,4,79.0,67,1950,19.0,74,Japan,-1.1134157630924952,-0.7215470885352951
128,ford pinto,26.0,4,122.0,80,2451,16.5,74,US,0.17731028336153742,-0.08939879774663302
129,toyota corolla 1200,32.0,4,71.0,65,1836,21.0,74,Japan,-1.06323463761948,-0.44970107517827534
130,chevrolet vega,25.0,4,140.0,75,2542,17.0,74,US,0.09605766278131686,0.15952730256215486
131,chevrolet chevelle malibu classic,16.0,6,250.0,100,3781,17.0,74,US,0.502677464544702,-0.020347212505691395
132,amc matador,16.0,6,258.0,110,3632,18.0,74,US,0.5116014048486173,0.02192867348295116
133,plymouth satellite sebring,18.0,6,225.0,105,3613,16.5,74,US,0.5191553108408076,-0.024519704663854065
134,ford gran torino,16.0,8,302.0,140,4141,14.0,74,US,0.7672500278819564,-0.21124839131270348
135,buick century luxus (sw),13.0,8,350.0,150,4699,14.5,74,US,1.0850012060789833,-0.12118806344624843
136,dodge coronet custom (sw),14.0,8,318.0,150,4457,13.5,74,US,1.0499052358029675,-0.19035813560886408
137,ford gran torino (sw),14.0,8,302.0,140,4638,16.0,74,US,0.9165131418290327,-0.12175238467872168
138,amc matador (sw),14.0,8,304.0,150,4257,15.5,74,US,0.9369733270208029,0.17015058922059031
139,audi fox,29.0,4,98.0,83,2219,16.5,74,Europe,-0.8832626595861668,0.8901014377526484
140,volkswagen dasher,26.0,4,79.0,67,1963,15.5,74,Europe,-0.9405713833849635,1.0417126681685258
141,opel manta,26.0,4,97.0,78,2300,14.5,74,Europe,-0.759789955037878,1.0263764520905392
142,toyota corona,31.0,4,76.0,52,1649,16.5,74,Japan,-1.1131450403254828,-0.7167555279233224
143,datsun 710,32.0,4,83.0,61,2003,19.0,74,Japan,-0.9184038099096414,-0.2965304410766866
144,dodge colt,28.0,4,90.0,75,2125,14.5,74,US,-0.00902776573337221,-0.26682974190172654
145,fiat 128,24.0,4,90.0,75,2108,15.5,74,Europe,-0.7959471628706895,0.8744947895782689
146,fiat 124 tc,26.0,4,116.0,75,2246,14.0,74,Europe,-0.6133365408289104,0.8752541387071437
147,honda civic,24.0,4,120.0,97,2489,15.0,74,Japan,-0.8843316107933463,-0.7136763336680885
148,subaru,26.0,4,108.0,93,2391,15.5,74,Japan,-0.8061061025919545,-0.5388919883332
149,fiat x1.9,31.0,4,79.0,67,2000,16.0,74,Europe,-0.829767624990607,0.8280150634536514
150,plymouth valiant custom,19.0,6,225.0,95,3264,16.0,75,US,0.4751809630138304,0.14794358545965774
151,chevrolet nova,18.0,6,250.0,105,3459,16.0,75,US,0.43372125419691454,-0.16510976368889985
152,mercury monarch,15.0,6,250.0,72,3432,21.0,75,US,0.5254986693388513,-0.25432782146090355
153,ford maverick,15.0,6,250.0,72,3158,19.5,75,US,0.4861276959602044,-0.14247327154243913
154,pontiac catalina,16.0,8,400.0,170,4668,11.5,75,US,1.0081407281339763,0.15808531662391115
155,chevrolet bel air,15.0,8,350.0,145,4440,14.0,75,US,1.015271467619735,0.0648441175136745
156,plymouth grand fury,16.0,8,318.0,150,4498,14.5,75,US,0.9586496040095805,0.19001278516881756
157,ford ltd,14.0,8,351.0,148,4657,13.5,75,US,0.9986744248097421,-0.045565311564651156
158,buick century,17.0,6,231.0,110,3907,21.0,75,US,0.5095543212523871,0.2162876815743813
159,chevroelt chevelle malibu,16.0,6,250.0,105,3897,18.5,75,US,0.4287302099450754,-0.08100114740729422
160,amc matador,15.0,6,258.0,110,3730,19.0,75,US,0.4590018438244552,0.14781023828731468
161,plymouth fury,18.0,6,225.0,95,3785,19.0,75,US,0.5455819593719253,-0.08183677238853254
162,buick skyhawk,21.0,6,231.0,110,3039,15.0,75,US,0.3370747594498241,-0.2161629280720036
163,chevrolet monza 2+2,20.0,8,262.0,110,3221,13.5,75,US,0.5718337481971695,-0.1395386552729335
164,ford mustang ii,13.0,8,302.0,129,3169,12.0,75,US,0.7085727873949936,-0.11266198126417254
165,toyota corolla,29.0,4,97.0,75,2171,16.0,75,Japan,-0.9595796909180645,-0.5952131776773248
166,ford pinto,23.0,4,140.0,83,2639,17.0,75,US,0.21502460013386374,-0.19361754767961412
167,amc gremlin,20.0,6,232.0,100,2914,16.0,75,US,0.33434516045797813,-0.06324611494276215
168,pontiac astro,23.0,4,140.0,78,2592,18.5,75,US,0.25482152766187094,0.10231641449632345
169,toyota corona,24.0,4,134.0,96,2702,13.5,75,Japan,-0.6613467538122639,-0.7727951014940471
170,volkswagen dasher,25.0,4,90.0,71,2223,16.5,75,Europe,-0.7832140405697562,0.7620860053904615
171,datsun 710,24.0,4,119.0,97,2545,17.0,75,Japan,-0.7730766400592995,-0.6006978268573577
172,ford pinto,18.0,6,171.0,97,2984,14.5,75,US,0.5441574168299624,-0.012096833630348691
173,volkswagen rabbit,29.0,4,90.0,70,1937,14.0,75,Europe,-0.9584759645495412,1.0536803699604127
174,amc pacer,19.0,6,232.0,90,3211,17.0,75,US,0.5265160675284397,0.10082183605911951
175,audi 100ls,23.0,4,115.0,95,2694,15.0,75,Europe,-0.7037291346620519,0.6807037711960113
176,peugeot 504,23.0,4,120.0,88,2957,17.0,75,Europe,-0.6204241239187395,0.7582146933550733
177,volvo 244dl,22.0,4,121.0,98,2945,14.5,75,Europe,-0.567747194767163,0.6057495362280498
178,saab 99le,25.0,4,121.0,115,2671,13.5,75,Europe,-0.7813814105221122,0.9131267528102276
179,honda civic cvcc,33.0,4,91.0,53,1795,17.5,75,Japan,-0.8696901664102399,-0.5683420728520421
180,fiat 131,28.0,4,107.0,86,2464,15.5,76,Europe,-0.7307011733607007,0.9641308770171243
181,opel 1900,25.0,4,116.0,81,2220,16.9,76,Europe,-0.9420240596352576,0.7139694543512323
182,capri ii,25.0,4,140.0,92,2572,14.9,76,US,0.2606941501286494,-0.2139047402496149
183,dodge colt,26.0,4,98.0,79,2255,17.7,76,US,0.058038228417593006,-0.23636654863886283
184,renault 12tl,27.0,4,101.0,83,2202,15.3,76,Europe,-0.9575020398009841,0.5968853114322568
185,chevrolet chevelle malibu classic,17.5,8,305.0,140,4215,13.0,76,US,0.7691108755968427,-0.06697252806496505
186,dodge coronet brougham,16.0,8,318.0,150,4190,13.0,76,US,0.8237688185389388,-0.08307922190330691
187,amc matador,15.5,8,304.0,120,3962,13.9,76,US,0.7464129265669842,-0.2649937339879565
188,ford gran torino,14.5,8,351.0,152,4215,12.8,76,US,0.7813912910523549,-0.20205777227956284
189,plymouth valiant,22.0,6,225.0,100,3233,15.4,76,US,0.5335501789118138,0.16062230236142652
190,chevrolet nova,22.0,6,250.0,105,3353,14.5,76,US,0.575987886126929,-0.1725549903469547
191,ford maverick,24.0,6,200.0,81,3012,17.6,76,US,0.450365019701528,0.15047808567700716
192,amc hornet,22.5,6,232.0,90,3085,17.6,76,US,0.35800937092928886,0.09544468028137609
193,chevrolet chevette,29.0,4,85.0,52,2035,22.2,76,US,-0.016544442327755274,-0.2399097511792163
194,chevrolet woody,24.5,4,98.0,60,2164,22.1,76,US,-0.013848798366212032,-0.291173474405995
195,vw rabbit,29.0,4,90.0,70,1937,14.2,76,Europe,-0.9550018341340781,0.8179995637929826
196,honda civic,33.0,4,91.0,53,1795,17.4,76,Japan,-1.0886628671579952,-0.5970079237563556
197,dodge aspen se,20.0,6,225.0,100,3651,17.7,76,US,0.47840285647983216,0.059846507722228146
198,ford granada ghia,18.0,6,250.0,78,3574,21.0,76,US,0.45591568210416406,-0.05673789800576463
199,pontiac ventura sj,18.5,6,250.0,110,3645,16.2,76,US,0.4277111575840289,-0.27836430274548846
200,amc pacer d/l,17.5,6,258.0,95,3193,17.8,76,US,0.37566886041839503,-0.030403943084926395
201,volkswagen rabbit,29.5,4,97.0,71,1825,12.2,76,Europe,-0.7308558785277686,0.7313120686716017
202,datsun b-210,32.0,4,85.0,70,1990,17.0,76,Japan,-1.124693920420647,-0.6787064519859614
203,toyota corolla,28.0,4,97.0,75,2155,16.4,76,Japan,-0.9939064478327423,-0.39302295325711684
204,ford pinto,26.5,4,140.0,72,2565,13.6,76,US,0.11223374563691216,0.12360423161185397
205,volvo 245,20.0,4,130.0,102,3150,15.7,76,Europe,-0.6129944213148897,1.0321365096130681
206,plymouth volare premier v8,13.0,8,318.0,150,3940,13.2,76,US,0.8983208475950188,0.12993477079322185
207,peugeot 504,19.0,4,120.0,88,3270,21.9,76,Europe,-0.7960344159491156,1.0562500051594177
208,toyota mark ii,19.0,6,156.0,108,2930,15.5,76,Japan,-0.5760089959505539,-0.7299436871235697
209,mercedes-benz 280s,16.5,6,168.0,120,3820,16.7,76,Europe,-0.3940461221638715,0.993226380541962
210,cadillac seville,16.5,8,350.0,180,4380,12.1,76,US,0.8098423298101178,-0.27490163173571713
211,chevy c10,13.0,8,350.0,145,4055,12.0,76,US,0.9148448158963971,-0.06190659459888014
212,ford f108,13.0,8,302.0,130,3870,15.0,76,US,0.7764421183110459,-0.16296412541989885
213,dodge d100,13.0,8,318.0,150,3755,14.0,76,US,0.7062694965738643,0.14015878365940249
214,honda accord cvcc,31.5,4,98.0,68,2045,18.5,77,Japan,-1.0955050263835135,-0.5982113328735609
215,buick opel isuzu deluxe,30.0,4,111.0,80,2155,14.8,77,US,0.11793010457646701,-0.02482845295471453
216,renault 5 gtl,36.0,4,79.0,58,1825,18.6,77,Europe,-1.1022457372174213,0.914433269740049
217,plymouth arrow gs,25.5,4,122.0,96,2300,15.5,77,US,0.11696161574676864,-0.034948407568816925
218,datsun f-10 hatchback,33.5,4,85.0,70,1945,16.8,77,Japan,-1.0262207300609798,-0.4422603459384594
219,chevrolet caprice classic,17.5,8,305.0,145,3880,12.5,77,US,0.8479218866811139,-0.28831622663883066
220,oldsmobile cutlass supreme,17.0,8,260.0,110,4060,19.0,77,US,0.6982473321203873,0.09404620335387437
221,dodge monaco brougham,15.5,8,318.0,145,4140,13.7,77,US,0.9028503771623223,-0.04697649338653901
222,mercury cougar brougham,15.0,8,302.0,130,4295,14.9,77,US,0.7231722761274165,-0.03218403676074372
223,chevrolet concours,17.5,6,250.0,110,3520,16.4,77,US,0.6274767554204944,-0.2583002733208626
224,buick skylark,20.5,6,231.0,105,3425,16.9,77,US,0.2981774609126113,0.1363023084296711
225,plymouth volare custom,19.0,6,225.0,100,3630,17.7,77,US,0.3187935200002436,-0.060740061516265646
226,ford granada,18.5,6,250.0,98,3525,19.0,77,US,0.46162453977515805,0.18028044708203828
227,pontiac grand prix lj,16.0,8,400.0,180,4220,11.1,77,US,0.924617621742282,0.1881080036852208
228,chevrolet monte carlo landau,15.5,8,350.0,170,4165,11.4,77,US,0.832245719789163,-0.07842119678866558
229,chrysler cordoba,15.5,8,400.0,190,4325,12.2,77,US,1.0551754431339564,0.18306317545298442
230,ford thunderbird,16.0,8,351.0,149,4335,14.5,77,US,0.7342766666135827,-0.10017420590657966
231,volkswagen rabbit custom,29.0,4,97.0,78,1940,14.5,77,Europe,-0.7574116337408203,0.726596979550061
232,pontiac sunbird coupe,24.5,4,151.0,88,2740,16.0,77,US,0.147435578598483,-0.11454915911869816
233,toyota corolla liftback,26.0,4,97.0,75,2265,18.2,77,Japan,-1.058245109643021,-0.3303632996779289
234,ford mustang ii 2+2,25.5,4,140.0,89,2755,15.8,77,US,0.1059384028730503,0.16295393031400723
235,chevrolet chevette,30.5,4,98.0,63,2051,17.0,77,US,0.0670500203863855,0.05792241376964982
236,dodge colt m/m,33.5,4,98.0,83,2075,15.9,77,US,-0.14445127934737526,0.12581271611347727
237,subaru dl,30.0,4,97.0,67,1985,16.4,77,Japan,-0.9841195596702836,-0.7364001165257895
238,volkswagen dasher,30.5,4,97.0,78,2190,14.1,77,Europe,-0.7809231909935864,0.8400835065585097
239,datsun 810,22.0,6,146.0,97,2815,14.5,77,Japan,-0.5530520904822888,-0.36526819638086655
240,bmw 320i,21.5,4,121.0,110,2600,12.8,77,Europe,-0.6684307517038472,0.9310826134799755
241,mazda rx-4,21.5,3,80.0,110,2720,13.5,77,Japan,-0.9746910136004716,-0.7070078084095972
242,volkswagen rabbit custom diesel,43.1,4,90.0,48,1985,21.5,78,Europe,-1.0538441871858084,0.6857881660005074
243,ford fiesta,36.1,4,98.0,66,1800,14.4,78,US,-0.10395676773814663,-0.36884321514690127
244,mazda glc deluxe,32.8,4,78.0,52,1985,19.4,78,Japan,-1.1781820916367611,-0.7728482397991927
245,datsun b210 gx,39.4,4,85.0,70,2070,18.6,78,Japan,-0.9912148948974022,-0.390627402710974
246,honda civic cvcc,36.1,4,91.0,60,1800,16.4,78,Japan,-0.9681527355046108,-0.40506859714716115
247,oldsmobile cutlass salon brougham,19.9,8,260.0,110,3365,15.5,78,US,0.5923593608671737,-0.11502470584451213
248,dodge diplomat,19.4,8,318.0,140,3735,13.2,78,US,0.8534592050222826,-0.023158790824799547
249,mercury monarch ghia,20.2,8,302.0,139,3570,12.8,78,US,0.8103392925698345,-0.008361607629803397
250,pontiac phoenix lj,19.2,6,231.0,105,3535,19.2,78,US,0.40828116199379294,-0.028137596735270012
251,chevrolet malibu,20.5,6,200.0,95,3155,18.2,78,US,0.26890158070684395,-0.25717631590721496
252,ford fairmont (auto),20.2,6,200.0,85,2965,15.8,78,US,0.3171696941229192,-0.246671610269
253,ford fairmont (man),25.1,4,140.0,88,2720,15.4,78,US,0.1688634639949885,-0.19838778851094463
254,plymouth volare,20.5,6,225.0,100,3430,17.2,78,US,0.4788300072853359,-0.19223932580111508
255,amc concord,19.4,6,232.0,90,3210,17.2,78,US,0.3752498408416861,-0.10148040988693505
256,buick century special,20.6,6,231.0,105,3380,15.8,78,US,0.3086891236440753,0.03511613548000653
257,mercury zephyr,20.8,6,200.0,85,3070,16.7,78,US,0.25022453716949733,0.03462446334123616
258,dodge aspen,18.6,6,225.0,110,3620,18.7,78,US,0.5911084652081652,-0.20841363952966827
259,amc concord d/l,18.1,6,258.0,120,3410,15.1,78,US,0.6113852636742678,0.10672191191134718
260,chevrolet monte carlo landau,19.2,8,305.0,145,3425,13.2,78,US,0.7439581124635943,-0.17568751625059414
261,buick regal sport coupe (turbo),17.7,6,231.0,165,3445,13.4,78,US,0.5160272788982743,0.009620760886602034
262,ford futura,18.1,8,302.0,139,3205,11.2,78,US,0.7132439409921949,0.13102730182714126
263,dodge magnum xe,17.5,8,318.0,140,4080,13.7,78,US,0.7569883600724479,0.14363847292820342
264,chevrolet chevette,30.0,4,98.0,68,2155,16.5,78,US,-0.026743532998944726,-0.2243463387995962
265,toyota corona,27.5,4,134.0,95,2560,14.2,78,Japan,-0.8991844578921164,-0.8008139488479284
266,datsun 510,27.2,4,119.0,97,2300,14.7,78,Japan,-0.7923957925212779,-0.7210779057589374
267,dodge omni,30.9,4,105.0,75,2230,14.5,78,US,-0.07295932538674849,-0.28793078374802467
268,toyota celica gt liftback,21.1,4,134.0,95,2515,14.8,78,Japan,-0.9503870918128717,-0.5242893652429201
269,plymouth sapporo,23.2,4,156.0,105,2745,16.7,78,US,0.05051110935992578,0.1309289871293781
270,oldsmobile starfire sx,23.8,4,151.0,85,2855,17.6,78,US,0.2151032585988687,-0.1910285640226812
271,datsun 200-sx,23.9,4,119.0,97,2405,14.9,78,Japan,-0.8520379744468723,-0.535479300179146
272,audi 5000,20.3,5,131.0,103,2830,15.9,78,Europe,-0.6907739427449602,0.7653376921595572
273,volvo 264gl,17.0,6,163.0,125,3140,13.6,78,Europe,-0.5394407872919933,0.8246095697122049
274,saab 99gle,21.6,4,121.0,115,2795,15.7,78,Europe,-0.621672930552207,0.6766624185672231
275,peugeot 604sl,16.2,6,163.0,133,3410,15.8,78,Europe,-0.33555012042778054,0.6429343787692
276,volkswagen scirocco,31.5,4,89.0,71,1990,14.9,78,Europe,-0.7798983101091482,0.7858232397415362
277,honda accord lx,29.5,4,98.0,68,2135,16.6,78,Japan,-0.9723015335055214,-0.48270008103603457
278,pontiac lemans v6,21.5,6,231.0,115,3245,15.4,79,US,0.5633741438208467,0.08496022640926348
279,mercury zephyr 6,19.8,6,200.0,85,2990,18.2,79,US,0.2538849683238697,-0.09080242360273218
280,ford fairmont 4,22.3,4,140.0,88,2890,17.3,79,US,0.22243622209100228,0.049995808924022736
281,amc concord dl 6,20.2,6,232.0,90,3265,18.2,79,US,0.4799783391829686,-0.3316976852487123
282,dodge aspen 6,20.6,6,225.0,110,3360,16.6,79,US,0.4658798657277085,-0.11186458666771076
283,chevrolet caprice classic,17.0,8,305.0,130,3840,15.4,79,US,0.6226007487587975,-0.2934590374272099
284,ford ltd landau,17.6,8,302.0,129,3725,13.4,79,US,0.8606282620578992,-0.10417315268163241
285,mercury grand marquis,16.5,8,351.0,138,3955,13.2,79,US,0.676217040956794,-0.12974180964347543
286,dodge st. regis,18.2,8,318.0,135,3830,15.2,79,US,0.6658348938876647,-0.20122092466035574
287,buick estate wagon (sw),16.9,8,350.0,155,4360,14.9,79,US,0.9104243399066287,0.12810826660258415
288,ford country squire (sw),15.5,8,351.0,142,4054,14.3,79,US,0.7350448834308447,-0.048814333153937836
289,chevrolet malibu classic (sw),19.2,8,267.0,125,3605,15.0,79,US,0.5173831843631089,-0.22621829003299967
290,chrysler lebaron town @ country (sw),18.5,8,360.0,150,3940,13.0,79,US,0.8334155653465227,-0.2592184237109778
291,vw rabbit custom,31.9,4,89.0,71,1925,14.0,79,Europe,-1.038149235425435,0.6532296529107575
292,maxda glc deluxe,34.1,4,86.0,65,1975,15.2,79,Japan,-1.1436807541963323,-0.6712104949035335
293,dodge colt hatchback custom,35.7,4,98.0,80,1915,14.4,79,US,0.017101340298148526,-0.05158038316377031
294,amc spirit dl,27.4,4,121.0,80,2670,15.0,79,US,0.11131317049375977,-0.13931455024585793
295,mercedes benz 300d,25.4,5,183.0,77,3530,20.1,79,Europe,-0.7366034680224557,0.7614953531127238
296,cadillac eldorado,23.0,8,350.0,125,3900,17.4,79,US,0.6260384036181135,-0.32069695586910457
297,peugeot 504,27.2,4,141.0,71,3190,24.8,79,Europe,-0.9058128984258976,0.7343846939245802
298,oldsmobile cutlass salon brougham,23.9,8,260.0,90,3420,22.2,79,US,0.6740828821991115,-0.055816001364102294
299,plymouth horizon,34.2,4,105.0,70,2200,13.2,79,US,0.09691120088407146,-0.20260031480684654
300,plymouth horizon tc3,34.5,4,105.0,70,2150,14.9,79,US,-0.13263892176463238,-0.05809863417019934
301,datsun 210,31.8,4,85.0,65,2020,19.2,79,Japan,-1.0665172090740334,-0.5665408675264992
302,fiat strada custom,37.3,4,91.0,69,2130,14.7,79,Europe,-1.017895992347288,0.7063618348081966
303,buick skylark limited,28.4,4,151.0,90,2670,16.0,79,US,-0.014803699592051855,-0.35369323844871176
304,chevrolet citation,28.8,6,173.0,115,2595,11.3,79,US,0.42901927660250805,-0.16545209982215991
305,oldsmobile omega brougham,26.8,6,173.0,115,2700,12.9,79,US,0.20485830788981552,0.05877041161157895
306,pontiac phoenix,33.5,4,151.0,90,2556,13.2,79,US,0.05930208778339093,-0.23072330718120737
307,vw rabbit,41.5,4,98.0,76,2144,14.7,80,Europe,-0.955252788178131,0.5935711817509501
308,toyota corolla tercel,38.1,4,89.0,60,1968,18.8,80,Japan,-0.9928831792793251,-0.5511602321955953
309,chevrolet chevette,32.1,4,98.0,70,2120,15.5,80,US,0.051251952953053875,-0.023751930391269188
310,datsun 310,37.2,4,86.0,65,2019,16.4,80,Japan,-1.1327584687653722,-0.6955841040832085
311,chevrolet citation,28.0,4,151.0,90,2678,16.5,80,US,-0.0313611576086836,-0.2931356062014467
312,ford fairmont,26.4,4,140.0,88,2870,18.1,80,US,0.1152071020038694,-0.10154383714988414
313,amc concord,24.3,4,151.0,90,3003,20.1,80,US,-0.06252656642553905,-0.01347438022915469
314,dodge aspen,19.1,6,225.0,90,3381,18.7,80,US,0.36620445674586427,-0.194144872548982
315,audi 4000,34.3,4,97.0,78,2188,15.8,80,Europe,-0.7830294462130437,0.4901594575096939
316,toyota corona liftback,29.8,4,134.0,90,2711,15.5,80,Japan,-1.0182455372551358,-0.4633556333014457
317,mazda 626,31.3,4,120.0,75,2542,17.5,80,Japan,-0.982190667619748,-0.8151599460363365
318,datsun 510 hatchback,37.0,4,119.0,92,2434,15.0,80,Japan,-0.9518061617908962,-0.45485724468839034
319,toyota corolla,32.2,4,108.0,75,2265,15.2,80,Japan,-0.9526423651258681,-0.6834244725218944
320,mazda glc,46.6,4,86.0,65,2110,17.9,80,Japan,-1.1863181605517426,-0.8163450447605696
321,dodge colt,27.9,4,156.0,105,2800,14.4,80,US,0.09146569078076158,-0.09551616836682697
322,datsun 210,40.8,4,85.0,65,2110,19.2,80,Japan,-1.2110354961583412,-0.5232554074925795
323,vw rabbit c (diesel),44.3,4,90.0,48,2085,21.7,80,Europe,-1.0534804032105705,0.7637259813510473
324,vw dasher (diesel),43.4,4,90.0,48,2335,23.7,80,Europe,-0.9311872558392404,0.8954499097860747
325,audi 5000s (diesel),36.4,5,121.0,67,2950,19.9,80,Europe,-0.9352198322986308,0.5539360552466042
326,mercedes-benz 240d,30.0,4,146.0,67,3250,21.8,80,Europe,-0.9188699283573358,0.6357313931296478
327,honda civic 1500 gl,44.6,4,91.0,67,1850,13.8,80,Japan,-1.1763952443646648,-0.4123534981316546
328,subaru dl,33.8,4,97.0,67,2145,18.0,80,Japan,-1.0507196507071943,-0.7445042893997895
329,vokswagen rabbit,29.8,4,89.0,62,1845,15.3,80,Europe,-0.9091722323306622,0.660213191573014
330,datsun 280-zx,32.7,6,168.0,132,2910,11.4,80,Japan,-0.5324416521663679,-0.4694236956868778
331,mazda rx-7 gs,23.7,3,70.0,100,2420,12.5,80,Japan,-1.1142820099245063,-0.47939715659923815
332,triumph tr7 coupe,35.0,4,122.0,88,2500,15.1,80,Europe,-0.9974237962373224,0.8341174681386501
333,honda accord,32.4,4,107.0,72,2290,17.0,80,Japan,-1.101095045902944,-0.6987253214411591
334,plymouth reliant,27.2,4,135.0,84,2490,15.7,81,US,-0.0628971748365837,-0.12283393690025549
335,buick skylark,26.6,4,151.0,84,2635,16.4,81,US,0.0812821570358054,-0.08115677409060656
336,dodge aries wagon (sw),25.8,4,156.0,92,2620,14.4,81,US,0.09388415763113732,-0.07841017070329187
337,chevrolet citation,23.5,6,173.0,110,2725,12.6,81,US,0.3700702251146597,0.06432812965097232
338,plymouth reliant,30.0,4,135.0,84,2385,12.9,81,US,0.13786305643575533,-0.28881780828736403
339,toyota starlet,39.1,4,79.0,58,1755,16.9,81,Japan,-1.0144197480595776,-0.494168317214278
340,plymouth champ,39.0,4,86.0,64,1875,16.4,81,US,-0.07316516489666242,-0.016406021123750225
341,honda civic 1300,35.1,4,81.0,60,1760,16.1,81,Japan,-1.0641898459607502,-0.4336825577587409
342,subaru,32.3,4,97.0,67,2065,17.8,81,Japan,-1.0840991032153688,-0.7106318139173777
343,datsun 210 mpg,37.0,4,85.0,65,1975,19.4,81,Japan,-1.0365637894580797,-0.6896481912604353
344,toyota tercel,37.7,4,89.0,62,2050,17.3,81,Japan,-1.1958575629426296,-0.6079911910530603
345,mazda glc 4,34.1,4,91.0,68,1985,16.0,81,Japan,-0.9441283026607291,-0.7839089765640883
346,plymouth horizon 4,34.7,4,105.0,63,2215,14.9,81,US,-0.06715662137828045,-0.03500014919997846
347,ford escort 4w,34.4,4,98.0,65,2045,16.2,81,US,-0.13989127619049993,-0.3212522383582426
348,ford escort 2h,29.9,4,98.0,65,2380,20.7,81,US,0.05715969253843946,-0.032164288819550996
349,volkswagen jetta,33.0,4,105.0,74,2190,14.2,81,Europe,-0.866150202353343,0.6852663148114895
350,renault 18i,34.5,4,100.0,57,2320,15.8,81,Europe,-0.9157071880907512,0.940313822641539
351,honda prelude,33.7,4,107.0,75,2210,14.4,81,Japan,-0.8741339604717961,-0.46810089035932134
352,toyota corolla,32.4,4,108.0,75,2350,16.8,81,Japan,-1.0918203218900546,-0.5547761374175475
353,datsun 200sx,32.9,4,119.0,100,2615,14.8,81,Japan,-0.8303157455685618,-0.6990676400760929
354,mazda 626,31.6,4,120.0,74,2635,18.3,81,Japan,-0.8706547440257106,-0.709606436512826
355,peugeot 505s turbo diesel,28.1,4,141.0,80,3230,20.4,81,Europe,-0.7449738775731238,0.6920376166535382
356,volvo diesel,30.7,6,145.0,76,3160,19.6,81,Europe,-0.7481655905335058,0.5471295509341
357,toyota cressida,25.4,6,168.0,116,2900,12.6,81,Japan,-0.7523449144551582,-0.39918879200359003
358,datsun 810 maxima,24.2,6,146.0,120,2930,13.8,81,Japan,-0.6223624983007133,-0.4618429366750068
359,buick century,22.4,6,231.0,110,3415,15.8,81,US,0.3831631072348375,-0.29080234161636465
360,oldsmobile cutlass ls,26.6,8,350.0,105,3725,19.0,81,US,0.6465429834911435,0.053890833722916615
361,ford granada gl,20.2,6,200.0,88,3060,17.1,81,US,0.43873198442752437,0.05009867858913225
362,chrysler lebaron salon,17.6,6,225.0,85,3465,16.6,81,US,0.3692358930746074,0.06468078375653571
363,chevrolet cavalier,28.0,4,112.0,88,2605,19.6,82,US,-0.1024740769467903,-0.07582208305573543
364,chevrolet cavalier wagon,27.0,4,112.0,88,2640,18.6,82,US,-0.0415320797052362,-0.1925476999903554
365,chevrolet cavalier 2-door,34.0,4,112.0,88,2395,18.0,82,US,0.07467997423814275,-0.24418126284353148
366,pontiac j2000 se hatchback,31.0,4,112.0,85,2575,16.2,82,US,0.1077112728463423,-0.18722325273762602
367,dodge aries se,29.0,4,135.0,84,2525,16.0,82,US,0.06536562788704808,-0.3080395605799976
368,pontiac phoenix,27.0,4,151.0,90,2735,18.0,82,US,-0.01835901161805658,-0.002512214771453858
369,ford fairmont futura,24.0,4,140.0,92,2865,16.4,82,US,-0.05597101302651507,-0.3146747710338509
370,amc concord dl,23.0,4,151.0,88,3035,20.5,82,US,0.17196939314434562,-0.1409735593021398
371,volkswagen rabbit l,36.0,4,105.0,74,1980,15.3,82,Europe,-1.047108465779624,0.47272728280518167
372,mazda glc custom l,37.0,4,91.0,68,2025,18.2,82,Japan,-1.1494404718122035,-0.7055045870751574
373,mazda glc custom,31.0,4,91.0,68,1970,17.6,82,Japan,-1.0491355249103849,-0.6530956773311727
374,plymouth horizon miser,38.0,4,105.0,63,2125,14.7,82,US,-0.04307787555260342,-0.34570739195802347
375,mercury lynx l,36.0,4,98.0,70,2125,17.3,82,US,-0.20613789186826564,-0.2903398725464333
376,nissan stanza xe,36.0,4,120.0,88,2160,14.5,82,Japan,-1.0452778731973245,-0.8378165974253557
377,honda accord,36.0,4,107.0,75,2205,14.5,82,Japan,-0.9423148763818079,-0.9098996676424027
378,toyota corolla,34.0,4,108.0,70,2245,16.9,82,Japan,-1.045094206345344,-0.8699898514631061
379,honda civic,38.0,4,91.0,67,1965,15.0,82,Japan,-1.1954064177050756,-0.5007831922650566
380,honda civic (auto),32.0,4,91.0,67,1965,15.7,82,Japan,-0.9592751681556274,-0.6947243161483996
381,datsun 310 gx,38.0,4,91.0,67,1995,16.2,82,Japan,-0.9906252738849741,-0.9214456718313522
382,buick century limited,25.0,6,181.0,110,2945,16.4,82,US,0.14116794193458262,-0.14243753272246715
383,oldsmobile cutlass ciera (diesel),38.0,6,262.0,85,3015,17.0,82,US,0.3085749317720107,-0.40883363707727643
384,chrysler lebaron medallion,26.0,4,156.0,92,2585,14.5,82,US,0.07596370690323691,-0.007862033577278715
385,ford granada l,22.0,6,232.0,112,2835,14.7,82,US,0.27113777889582713,-0.22459696639256663
386,toyota celica gt,32.0,4,144.0,96,2665,13.9,82,Japan,-0.9954783370888229,-0.8749755684974836
387,dodge charger 2.2,36.0,4,135.0,84,2370,13.0,82,US,-0.09953529017536933,-0.1659490916222671
388,chevrolet camaro,27.0,4,151.0,90,2950,17.3,82,US,0.06586150177510258,-0.3169916716037373
389,ford mustang gl,27.0,4,140.0,86,2790,15.6,82,US,-0.049732168570205536,-0.21715439062438727
390,vw pickup,44.0,4,97.0,52,2130,24.6,82,Europe,-1.180818143059408,0.7110914963550725
391,dodge rampage,32.0,4,135.0,84,2295,11.6,82,US,-0.031921502911407565,-0.2382335933285846
392,ford ranger,28.0,4,120.0,79,2625,18.6,82,US,-0.06912956015541712,-0.1496495352138184
393,chevy s-10,31.0,4,119.0,82,2720,19.4,82,US,-0.16131088585133954,-0.011837608050483978
